{
    "beds": {
        "mae": 13.397584464672773,
        "rmse": 17.056941967507328,
        "mape": 0.0288645778287628,
        "accuracy_score": 0.9711354221712372
    },
    "icu": {
        "mae": 4.3030371988284735,
        "rmse": 5.393786433734675,
        "mape": 0.05081355583944682,
        "accuracy_score": 0.9491864441605532
    },
    "oxygen": {
        "mae": 12.605773262541257,
        "rmse": 16.04134346440519,
        "mape": 0.026713218170530646,
        "accuracy_score": 0.9732867818294694
    },
    "er_visits": {
        "mae": 8.367008092972283,
        "rmse": 10.643031811545155,
        "mape": 0.05081756269324528,
        "accuracy_score": 0.9491824373067548
    },
    "occupancy_rate": {
        "mae": 0.019230986384072692,
        "rmse": 0.02476667139843139,
        "mape": 0.022576564482119834,
        "accuracy_score": 0.9774234355178801
    }
}